{
  "params": {
    "edge_length": 26,
    "number_of_pivots": 281,
    "number_of_iterations": 867,
    "eps": 0.4001671578513263
  },
  "description": "2022/09/27の実験でstressの結果がよかったparamsを用いてUSpowerGridを描画する。このときseedの固定を外すことでparamsが運良くseedにはまったのか？それともどんなseedでもうまく行くのかを調べる。",
  "seed": {
    "0": {
      "pos": {
        "0": [6.570956707000732, -27.941896438598633],
        "1": [4.520330429077148, -1.6750340461730957],
        "2": [-17.203811645507812, -16.79893684387207],
        "3": [18.350818634033203, 21.007205963134766],
        "4": [-43.3875732421875, -21.814586639404297]
      },
      "quality_metrics": {
        "angular_resolution": 15.707963267948966,
        "aspect_ratio": 0.4857523958800061,
        "crossing_angle_maximization": 0,
        "crossing_number": 0,
        "gabriel_graph_property": 0,
        "ideal_edge_length": 3241.1424308445976,
        "node_resolution": 26.256526022022612,
        "shape_based_metrics": 0.5666666666666667,
        "stress": 0.0
      }
    },
    "1": {
      "pos": {
        "0": [6.570956707000732, -27.941896438598633],
        "1": [4.520330429077148, -1.6750340461730957],
        "2": [-17.203811645507812, -16.79893684387207],
        "3": [18.350818634033203, 21.007205963134766],
        "4": [-43.3875732421875, -21.814586639404297]
      },
      "quality_metrics": {
        "angular_resolution": 15.707963267948966,
        "aspect_ratio": 0.4857523958800061,
        "crossing_angle_maximization": 0,
        "crossing_number": 0,
        "gabriel_graph_property": 0,
        "ideal_edge_length": 3241.1424308445976,
        "node_resolution": 26.256526022022612,
        "shape_based_metrics": 0.5666666666666667,
        "stress": 0.0
      }
    },
    "2": {
      "pos": {
        "0": [6.570956707000732, -27.941896438598633],
        "1": [4.520330429077148, -1.6750340461730957],
        "2": [-17.203811645507812, -16.79893684387207],
        "3": [18.350818634033203, 21.007205963134766],
        "4": [-43.3875732421875, -21.814586639404297]
      },
      "quality_metrics": {
        "angular_resolution": 15.707963267948966,
        "aspect_ratio": 0.4857523958800061,
        "crossing_angle_maximization": 0,
        "crossing_number": 0,
        "gabriel_graph_property": 0,
        "ideal_edge_length": 3241.1424308445976,
        "node_resolution": 26.256526022022612,
        "shape_based_metrics": 0.5666666666666667,
        "stress": 0.0
      }
    },
    "3": {
      "pos": {
        "0": [6.570956707000732, -27.941896438598633],
        "1": [4.520330429077148, -1.6750340461730957],
        "2": [-17.203811645507812, -16.79893684387207],
        "3": [18.350818634033203, 21.007205963134766],
        "4": [-43.3875732421875, -21.814586639404297]
      },
      "quality_metrics": {
        "angular_resolution": 15.707963267948966,
        "aspect_ratio": 0.4857523958800061,
        "crossing_angle_maximization": 0,
        "crossing_number": 0,
        "gabriel_graph_property": 0,
        "ideal_edge_length": 3241.1424308445976,
        "node_resolution": 26.256526022022612,
        "shape_based_metrics": 0.5666666666666667,
        "stress": 0.0
      }
    },
    "4": {
      "pos": {
        "0": [6.570956707000732, -27.941896438598633],
        "1": [4.520330429077148, -1.6750340461730957],
        "2": [-17.203811645507812, -16.79893684387207],
        "3": [18.350818634033203, 21.007205963134766],
        "4": [-43.3875732421875, -21.814586639404297]
      },
      "quality_metrics": {
        "angular_resolution": 15.707963267948966,
        "aspect_ratio": 0.4857523958800061,
        "crossing_angle_maximization": 0,
        "crossing_number": 0,
        "gabriel_graph_property": 0,
        "ideal_edge_length": 3241.1424308445976,
        "node_resolution": 26.256526022022612,
        "shape_based_metrics": 0.5666666666666667,
        "stress": 0.0
      }
    },
    "5": {
      "pos": {
        "0": [6.570956707000732, -27.941896438598633],
        "1": [4.520330429077148, -1.6750340461730957],
        "2": [-17.203811645507812, -16.79893684387207],
        "3": [18.350818634033203, 21.007205963134766],
        "4": [-43.3875732421875, -21.814586639404297]
      },
      "quality_metrics": {
        "angular_resolution": 15.707963267948966,
        "aspect_ratio": 0.4857523958800061,
        "crossing_angle_maximization": 0,
        "crossing_number": 0,
        "gabriel_graph_property": 0,
        "ideal_edge_length": 3241.1424308445976,
        "node_resolution": 26.256526022022612,
        "shape_based_metrics": 0.5666666666666667,
        "stress": 0.0
      }
    },
    "6": {
      "pos": {
        "0": [6.570956707000732, -27.941896438598633],
        "1": [4.520330429077148, -1.6750340461730957],
        "2": [-17.203811645507812, -16.79893684387207],
        "3": [18.350818634033203, 21.007205963134766],
        "4": [-43.3875732421875, -21.814586639404297]
      },
      "quality_metrics": {
        "angular_resolution": 15.707963267948966,
        "aspect_ratio": 0.4857523958800061,
        "crossing_angle_maximization": 0,
        "crossing_number": 0,
        "gabriel_graph_property": 0,
        "ideal_edge_length": 3241.1424308445976,
        "node_resolution": 26.256526022022612,
        "shape_based_metrics": 0.5666666666666667,
        "stress": 0.0
      }
    },
    "7": {
      "pos": {
        "0": [6.570956707000732, -27.941896438598633],
        "1": [4.520330429077148, -1.6750340461730957],
        "2": [-17.203811645507812, -16.79893684387207],
        "3": [18.350818634033203, 21.007205963134766],
        "4": [-43.3875732421875, -21.814586639404297]
      },
      "quality_metrics": {
        "angular_resolution": 15.707963267948966,
        "aspect_ratio": 0.4857523958800061,
        "crossing_angle_maximization": 0,
        "crossing_number": 0,
        "gabriel_graph_property": 0,
        "ideal_edge_length": 3241.1424308445976,
        "node_resolution": 26.256526022022612,
        "shape_based_metrics": 0.5666666666666667,
        "stress": 0.0
      }
    },
    "8": {
      "pos": {
        "0": [6.570956707000732, -27.941896438598633],
        "1": [4.520330429077148, -1.6750340461730957],
        "2": [-17.203811645507812, -16.79893684387207],
        "3": [18.350818634033203, 21.007205963134766],
        "4": [-43.3875732421875, -21.814586639404297]
      },
      "quality_metrics": {
        "angular_resolution": 15.707963267948966,
        "aspect_ratio": 0.4857523958800061,
        "crossing_angle_maximization": 0,
        "crossing_number": 0,
        "gabriel_graph_property": 0,
        "ideal_edge_length": 3241.1424308445976,
        "node_resolution": 26.256526022022612,
        "shape_based_metrics": 0.5666666666666667,
        "stress": 0.0
      }
    },
    "9": {
      "pos": {
        "0": [6.570956707000732, -27.941896438598633],
        "1": [4.520330429077148, -1.6750340461730957],
        "2": [-17.203811645507812, -16.79893684387207],
        "3": [18.350818634033203, 21.007205963134766],
        "4": [-43.3875732421875, -21.814586639404297]
      },
      "quality_metrics": {
        "angular_resolution": 15.707963267948966,
        "aspect_ratio": 0.4857523958800061,
        "crossing_angle_maximization": 0,
        "crossing_number": 0,
        "gabriel_graph_property": 0,
        "ideal_edge_length": 3241.1424308445976,
        "node_resolution": 26.256526022022612,
        "shape_based_metrics": 0.5666666666666667,
        "stress": 0.0
      }
    },
    "10": {
      "pos": {
        "0": [6.570956707000732, -27.941896438598633],
        "1": [4.520330429077148, -1.6750340461730957],
        "2": [-17.203811645507812, -16.79893684387207],
        "3": [18.350818634033203, 21.007205963134766],
        "4": [-43.3875732421875, -21.814586639404297]
      },
      "quality_metrics": {
        "angular_resolution": 15.707963267948966,
        "aspect_ratio": 0.4857523958800061,