{"description": "rpfs: random params, free seed. 2022/09/27の実験でstressの結果がよかったparamsを用いてUSpowerGridを描画する。このときseedの固定を外すことでparamsが運良くseedにはまったのか？それともどんなseedでもうまく行くのかを調べる。追加で、どんなパラメータであってもseedに依存しないことを確認したい。", "e": [{"seed": {"0": {"stress": 0.0029546700005059533, "pos": {"0": [1.1333489418029785, 23.76662254333496], "1": [-1.4300233125686646, 54.11735153198242], "2": [-26.519834518432617, 36.2794189453125], "3": [13.86601448059082, 81.09612274169922], "4": [-57.23845672607422, 30.424938201904297]}}}, "params": {"edge_length": 48, "number_of_pivots": 3, "number_of_iterations": 556, "eps": 0.5694431879884468}}]}