{
  "params": {
    "edge_length": 26,
    "number_of_pivots": 281,
    "number_of_iterations": 867,
    "eps": 0.4001671578513263
  },
  "description": "2022/09/27の実験でstressの結果がよかったparamsを用いてUSpowerGridを描画する。このときseedの固定を外すことでparamsが運良くseedにはまったのか？それともどんなseedでもうまく行くのかを調べる。",
  "seed": {
    "0": {
      "pos": {
        "Napoleon": [-69.6656723022461, 330.49139404296875],
        "Myriel": [-56.89151382446289, 302.2550354003906],
        "MlleBaptistine": [-44.9371337890625, 300.15960693359375],
        "MmeMagloire": [-53.18757629394531, 288.98443603515625],
        "CountessDeLo": [-59.14278793334961, 335.761962890625],
        "Geborand": [-78.10466003417969, 322.91595458984375],
        "Champtercier": [-85.56360626220703, 313.0329895019531],
        "Cravatte": [-47.55392837524414, 338.0982971191406],
        "Count": [-92.695556640625, 291.731689453125],
        "OldMan": [-89.11967468261719, 301.6587829589844],
        "Valjean": [-27.438560485839844, 277.17120361328125],
        "Labarre": [-63.4321403503418, 271.4107971191406],
        "Marguerite": [-2.1397838592529297, 296.71136474609375],
        "MmeDeR": [-55.66920852661133, 283.9717102050781],
        "Isabeau": [-57.04450607299805, 273.1800231933594],
        "Gervais": [-54.57919692993164, 266.76568603515625],
        "Listolier": [32.61150360107422, 302.3271179199219],
        "Tholomyes": [23.25351905822754, 268.5434875488281],
        "Fameuil": [41.93882751464844, 281.9012145996094],
        "Blacheville": [39.4324836730957, 290.0779724121094],
        "Favourite": [35.959320068359375, 277.9852600097656],
        "Dahlia": [27.491268157958984, 303.94732666015625],
        "Zephine": [32.452301025390625, 284.70263671875],
        "Fantine": [8.67735767364502, 285.0721740722656],
        "MmeThenardier": [0.22213715314865112, 271.3250732421875],
        "Thenardier": [-12.839029312133789, 252.90151977539062],
        "Cosette": [-3.996462821960449, 269.8833923339844],
        "Javert": [-20.55298614501953, 273.0514221191406],
        "Fauchelevent": [-14.112969398498535, 309.8871765136719],
        "Bamatabois": [-12.36961841583252, 299.2834777832031],
        "Perpetue": [17.933334350585938, 319.93499755859375],
        "Simplice": [-5.028400421142578, 303.59405517578125],
        "Scaufflaire": [-60.51858901977539, 276.7073669433594],
        "Woman1": [-42.5304069519043, 283.68780517578125],
        "Judge": [-38.156917572021484, 296.228759765625],
        "Champmathieu": [-25.41252899169922, 311.3666687011719],
        "Brevet": [-18.199981689453125, 309.67572021484375],
        "Chenildieu": [-38.475650787353516, 305.98797607421875],
        "Cochepaille": [-27.2982177734375, 295.4303283691406],
        "Pontmercy": [10.618281364440918, 228.3887481689453],
        "Boulatruelle": [21.17107391357422, 230.9901580810547],
        "Eponine": [-3.461076259613037, 235.1206817626953],
        "Anzelma": [20.470256805419922, 242.92459106445312],
        "Woman2": [-15.013726234436035, 290.5496826171875],
        "MotherInnocent": [-34.18564224243164, 306.0909423828125],
        "Gribier": [-9.427815437316895, 342.3393249511719],
        "MmeBurgon": [-72.45243835449219, 232.80819702148438],
        "Jondrette": [-95.60221862792969, 211.28860473632812],
        "Gavroche": [-38.66400909423828, 240.5299072265625],
        "Gillenormand": [-3.6061806678771973, 255.45114135742188],
        "Magnon": [30.809513092041016, 254.59365844726562],
        "MlleGillenormand": [4.803205966949463, 262.3637390136719],
        "MmePontmercy": [34.80717468261719, 237.2438507080078],
        "MlleVaubois": [43.13740921020508, 257.4058532714844],
        "LtGillenormand": [12.372675895690918, 237.69947814941406],
        "Marius": [-15.180124282836914, 246.46798706054688],
        "BaronessT": [8.053536415100098, 216.69261169433594],
        "Mabeuf": [-13.687493324279785, 218.6866455078125],
        "Enjolras": [-32.82115173339844, 243.49005126953125],
        "Combeferre": [-29.020620346069336, 220.06617736816406],
        "Prouvaire": [-49.55309295654297, 221.31716918945312],
        "Feuilly": [-24.696125030517578, 213.74423217773438],
        "Courfeyrac": [-27.47206687927246, 225.1463165283203],
        "Bahorel": [-34.790367126464844, 223.2037811279297],
        "Bossuet": [-39.459381103515625, 241.40977478027344],
        "Joly": [-30.971033096313477, 214.68873596191406],
        "Grantaire": [-46.84062957763672, 210.1372833251953],
        "MotherPlutarch": [-10.922593116760254, 185.49661254882812],
        "Gueulemer": [-26.06708335876465, 253.5330352783203],
        "Babet": [-33.61006164550781, 257.21533203125],
        "Claquesous": [-21.52664566040039, 257.3442077636719],
        "Montparnasse": [-40.51487350463867, 256.32891845703125],
        "Toussaint": [-5.101783752441406, 288.9054260253906],
        "Child1": [-68.20266723632812, 227.36888122558594],
        "Child2": [-73.11656951904297, 242.9731903076172],
        "Brujon": [-18.73740577697754, 233.55078125],
        "MmeHucheloup": [-57.8797721862793, 222.54774475097656]
      },
      "quality_metrics": {
        "angular_resolution": 126.0389386531732,
        "aspect_ratio": 0.9409106586206546,
        "crossing_angle_maximization": 111.93848585148172,
        "crossing_number": 947,
        "gabriel_graph_property": 2790.7487547875376,
        "ideal_edge_length": 152167.14932383774,
        "node_resolution": 1.1860790636442196,
        "shape_based_metrics": 0.23277471398325,
        "stress": 22227882.031212717
      }
    }
  }
}
