{"description": "rpfs: random params, free seed. 2022/09/27の実験でstressの結果がよかったparamsを用いてUSpowerGridを描画する。このときseedの固定を外すことでparamsが運良くseedにはまったのか？それともどんなseedでもうまく行くのかを調べる。追加で、どんなパラメータであってもseedに依存しないことを確認したい。", "e": [{"seed": {"0": {"stress": 133.77049366126397, "pos": {"Napoleon": [-15.30549430847168, 433.57342529296875], "Myriel": [1.2876322269439697, 399.59295654296875], "MlleBaptistine": [-11.733532905578613, 394.88104248046875], "MmeMagloire": [1.8497536182403564, 388.2282409667969], "CountessDeLo": [20.07520294189453, 427.4259948730469], "Geborand": [7.654911994934082, 430.08319091796875], "Champtercier": [8.116263389587402, 431.5751037597656], "Cravatte": [-3.786015033721924, 432.15576171875], "Count": [8.27552318572998, 431.802001953125], "OldMan": [8.074728012084961, 431.3490295410156], "Valjean": [-3.3748667240142822, 359.0153503417969], "Labarre": [-13.384011268615723, 373.42266845703125], "Marguerite": [-31.977312088012695, 383.9698791503906], "MmeDeR": [30.977754592895508, 353.84576416015625], "Isabeau": [-10.878755569458008, 371.3835754394531], "Gervais": [-28.395339965820312, 382.49627685546875], "Listolier": [-70.74198150634766, 389.2326354980469], "Tholomyes": [-63.909847259521484, 352.6770935058594], "Fameuil": [-80.5032730102539, 383.2672119140625], "Blacheville": [-73.38446044921875, 371.72882080078125], "Favourite": [-64.23506164550781, 392.69549560546875], "Dahlia": [-86.3500747680664, 371.9146728515625], "Zephine": [-81.16163635253906, 359.885498046875], "Fantine": [-44.49711227416992, 371.43072509765625], "MmeThenardier": [-37.969417572021484, 347.3685607910156], "Thenardier": [-31.971446990966797, 335.2575988769531], "Cosette": [-31.06536293029785, 355.5341796875], "Javert": [-4.175100326538086, 349.25579833984375], "Fauchelevent": [37.08159637451172, 358.859130859375], "Bamatabois": [-2.7518155574798584, 378.34027099609375], "Perpetue": [-55.997520446777344, 412.6575927734375], "Simplice": [-34.29983901977539, 388.3004150390625], "Scaufflaire": [14.866144180297852, 360.8321533203125], "Woman1": [24.95185661315918, 356.6835021972656], "Judge": [32.491397857666016, 361.26800537109375], "Champmathieu": [18.309703826904297, 374.0915222167969], "Brevet": [30.428003311157227, 367.68218994140625], "Chenildieu": [30.10108757019043, 378.04296875], "Cochepaille": [28.178438186645508, 383.32177734375], "Pontmercy": [-51.41651153564453, 305.2134094238281], "Boulatruelle": [-71.6666488647461, 327.6082763671875], "Eponine": [-36.47109603881836, 310.2393798828125], "Anzelma": [-62.5877685546875, 314.0960388183594], "Woman2": [-9.83025074005127, 372.16741943359375], "MotherInnocent": [19.17898941040039, 350.8018798828125], "Gribier": [74.37749481201172, 366.95379638671875], "MmeBurgon": [44.710140228271484, 300.8133850097656], "Jondrette": [59.787086486816406, 268.79400634765625], "Gavroche": [9.029521942138672, 324.9878845214844], "Gillenormand": [-33.5352897644043, 344.8839416503906], "Magnon": [-73.59257507324219, 340.3712463378906], "MlleGillenormand": [-35.97758483886719, 357.4346923828125], "MmePontmercy": [-76.49598693847656, 336.71124267578125], "MlleVaubois": [-61.952537536621094, 396.4683532714844], "LtGillenormand": [-53.354248046875, 328.1500244140625], "Marius": [-21.787639617919922, 329.9896240234375], "BaronessT": [-40.995750427246094, 302.819580078125], "Mabeuf": [-23.825407028198242, 297.39501953125], "Enjolras": [10.276856422424316, 322.2140197753906], "Combeferre": [-14.874043464660645, 297.18621826171875], "Prouvaire": [13.167228698730469, 289.7468566894531], "Feuilly": [-8.828646659851074, 290.9151611328125], "Courfeyrac": [-8.523284912109375, 302.5260314941406], "Bahorel": [1.7269773483276367, 300.4046936035156], "Bossuet": [1.2133214473724365, 327.01934814453125], "Joly": [7.643730640411377, 302.7096252441406], "Grantaire": [22.660280227661133, 295.8070983886719], "MotherPlutarch": [-40.1072883605957, 263.64892578125], "Gueulemer": [-15.568306922912598, 337.05718994140625], "Babet": [-7.485834121704102, 337.5542297363281], "Claquesous": [1.20852530002594, 336.7205505371094], "Montparnasse": [-15.453831672668457, 329.7603759765625], "Toussaint": [-23.530689239501953, 376.86663818359375], "Child1": [51.2592658996582, 324.9334411621094], "Child2": [48.16189193725586, 312.5609436035156], "Brujon": [-25.613780975341797, 299.1370849609375], "MmeHucheloup": [31.958829879760742, 310.9767150878906]}}}, "params": {"edge_length": 47, "number_of_pivots": 45, "number_of_iterations": 468, "eps": 0.5172663032885878}}]}